{"cameraMode":{"drawMode":0,"name":"Shaded","section":"Shading Mode"},"sceneLighting":true,"audioPlay":false,"sceneViewState":{"showFog":true,"showMaterialUpdate":true,"showSkybox":true,"showFlares":true,"showImageEffects":true,"showParticleSystems":true,"showVisualEffectGraphs":true,"m_FxEnabled":true},"in2DMode":false,"pivot":{"x":0.4293760657310486,"y":1.2918397188186646,"z":-2.2850000858306886},"rotation":{"x":-0.024304773658514024,"y":0.007463715970516205,"z":-0.00023039964435156435,"w":-0.9996111989021301},"size":0.6174896955490112,"orthographic":false}