{"cameraMode":{"drawMode":0,"name":"Shaded","section":"Shading Mode"},"sceneLighting":true,"audioPlay":false,"sceneViewState":{"showFog":true,"showMaterialUpdate":true,"showSkybox":true,"showFlares":true,"showImageEffects":true,"showParticleSystems":true,"showVisualEffectGraphs":true,"m_FxEnabled":true},"in2DMode":false,"pivot":{"x":-0.6238135099411011,"y":1.7493796348571778,"z":-1.6357181072235108},"rotation":{"x":0.019115161150693895,"y":0.08384671062231064,"z":0.0016645875293761492,"w":-0.9962213635444641},"size":1.8671154975891114,"orthographic":false}