{"cameraMode":{"drawMode":0,"name":"Shaded","section":"Shading Mode"},"sceneLighting":true,"audioPlay":false,"sceneViewState":{"showFog":true,"showMaterialUpdate":true,"showSkybox":true,"showFlares":true,"showImageEffects":true,"showParticleSystems":true,"showVisualEffectGraphs":true,"m_FxEnabled":true},"in2DMode":false,"pivot":{"x":-0.20580577850341798,"y":1.5086010694503785,"z":-2.2793235778808595},"rotation":{"x":0.0011899155797436834,"y":-0.001532727968879044,"z":-0.00003997231033281423,"w":-0.999965488910675},"size":0.9895841479301453,"orthographic":false}