{"cameraMode":{"drawMode":0,"name":"Shaded","section":"Shading Mode"},"sceneLighting":true,"audioPlay":false,"sceneViewState":{"showFog":true,"showMaterialUpdate":true,"showSkybox":true,"showFlares":true,"showImageEffects":true,"showParticleSystems":true,"showVisualEffectGraphs":true,"m_FxEnabled":true},"in2DMode":false,"pivot":{"x":-1.2284903526306153,"y":3.0781779289245607,"z":-4.535461902618408},"rotation":{"x":0.14124922454357148,"y":0.07856906205415726,"z":0.011310331523418427,"w":-0.9867141246795654},"size":1.5671155452728272,"orthographic":false}