{"cameraMode":{"drawMode":0,"name":"Shaded","section":"Shading Mode"},"sceneLighting":true,"audioPlay":false,"sceneViewState":{"showFog":true,"showMaterialUpdate":true,"showSkybox":true,"showFlares":true,"showImageEffects":true,"showParticleSystems":true,"showVisualEffectGraphs":true,"m_FxEnabled":true},"in2DMode":false,"pivot":{"x":1.2995717525482178,"y":4.699999809265137,"z":0.23469901084899903},"rotation":{"x":-0.13469883799552918,"y":-0.05351672321557999,"z":0.0072498442605137829,"w":-0.9893853664398193},"size":0.002641173079609871,"orthographic":false}