{"cameraMode":{"drawMode":0,"name":"Shaded","section":"Shading Mode"},"sceneLighting":true,"audioPlay":false,"sceneViewState":{"showFog":true,"showMaterialUpdate":true,"showSkybox":true,"showFlares":true,"showImageEffects":true,"showParticleSystems":true,"showVisualEffectGraphs":true,"m_FxEnabled":true},"in2DMode":false,"pivot":{"x":0.8330522775650024,"y":1.4287705421447755,"z":-2.2850000858306886},"rotation":{"x":-0.06474338471889496,"y":0.023911001160740854,"z":-0.0015880541177466512,"w":-0.9975844025611877},"size":0.15329986810684205,"orthographic":false}