{"cameraMode":{"drawMode":0,"name":"Shaded","section":"Shading Mode"},"sceneLighting":true,"audioPlay":false,"sceneViewState":{"showFog":true,"showMaterialUpdate":true,"showSkybox":true,"showFlares":true,"showImageEffects":true,"showParticleSystems":true,"showVisualEffectGraphs":true,"m_FxEnabled":true},"in2DMode":false,"pivot":{"x":1.7212936878204346,"y":4.1054792404174809,"z":-0.9700002670288086},"rotation":{"x":-0.012308667413890362,"y":-0.013531419448554516,"z":0.00012840941781178117,"w":-0.9998002052307129},"size":5.240392208099365,"orthographic":false}