{"cameraMode":{"drawMode":0,"name":"Shaded","section":"Shading Mode"},"sceneLighting":true,"audioPlay":false,"sceneViewState":{"showFog":true,"showMaterialUpdate":true,"showSkybox":true,"showFlares":true,"showImageEffects":true,"showParticleSystems":true,"showVisualEffectGraphs":true,"m_FxEnabled":true},"in2DMode":false,"pivot":{"x":0.6927487254142761,"y":1.8786863088607789,"z":-2.2850000858306886},"rotation":{"x":0.015707839280366899,"y":-0.239145427942276,"z":-0.0039146654307842258,"w":-0.9707924127578735},"size":0.5462995767593384,"orthographic":false}