{"cameraMode":{"drawMode":0,"name":"Shaded","section":"Shading Mode"},"sceneLighting":true,"audioPlay":false,"sceneViewState":{"showFog":true,"showMaterialUpdate":true,"showSkybox":true,"showFlares":true,"showImageEffects":true,"showParticleSystems":true,"showVisualEffectGraphs":true,"m_FxEnabled":true},"in2DMode":false,"pivot":{"x":0.05343303084373474,"y":1.247314691543579,"z":-2.285146713256836},"rotation":{"x":-0.004809953738003969,"y":-0.007532578893005848,"z":-0.0000017657347370914068,"w":-0.9999284744262695},"size":0.9895841479301453,"orthographic":false}